funder,year,region,county,nonprofit,amount,city,type,category
Adolph Coors Foundation,2009,San Juan,Gunnison,Gunnison County Partners,10000,Gunnison,General Operating,Children and Youth Services,
Adolph Coors Foundation,2009,San Juan,Gunnison,Gunnison Valley Alliance for Community & Restor.,3500,Gunnison,General Operating,Human Services,
Adolph Coors Foundation,2009,San Juan,Montrose,Black Canyon Boys & Girls Club,10000,Montrose,Program,Children and Youth Services,
Adolph Coors Foundation,2009,San Juan,Montrose,"Crisis Pregnancy Center of Montrose, Inc.",8500,Montrose,General Operating,Human Services,
Adolph Coors Foundation,2009,San Juan,Montrose,"Sharing Ministries, Inc.",20000,Montrose,Capital,Human Services,
Adolph Coors Foundation,2009,San Juan,San Miguel,Telluride Adaptive Ski Program,10000,Telluride,General Operating,Human Services,
Anschutz Family Foundation,2009,San Juan,Gunnison,"Adaptive Sports Center of Crested Butte, Inc.",5000,Crested Butte,General Operating,Disabled Persons,
Anschutz Family Foundation,2009,San Juan,Gunnison,Gunnison Area Restorative Practices,5000,Gunnison,General Operating,Children and Youth Services,
Anschutz Family Foundation,2009,San Juan,Gunnison,Gunnison County Library District,5000,Gunnison,Program,Education,
Anschutz Family Foundation,2009,San Juan,Gunnison,Paradise Place Community Christian School,2983.5,Crested Butte,General Operating,Children and Youth Services,
Anschutz Family Foundation,2009,San Juan,Montrose,"All Points Transit, Inc.",7500,Montrose,General Operating,,
Anschutz Family Foundation,2009,San Juan,Montrose,Black Canyon Boys and Girls Club,5000,Montrose,General Operating,Children and Youth Services,
Anschutz Family Foundation,2009,San Juan,Montrose,Hospice & Palliative Care of Western Colorado,5000,Montrose,Program,Hospice,
Anschutz Family Foundation,2009,San Juan,Montrose,"Partners of Delta, Montrose and Ouray",5000,Montrose,General Operating,Children and Youth Services,
Anschutz Family Foundation,2009,San Juan,Montrose,Retired Seniors Volunteer Program-Colorado West,5000,Montrose,General Operating,,
Anschutz Family Foundation,2009,San Juan,Ouray,Neighbor to Neighbor,5000,Ouray,General Operating,,
Anschutz Family Foundation,2009,San Juan,Ouray,Second Chance Humane Society,5000,Ridgway,Program,Animal Protection and Welfare,
Anschutz Family Foundation,2009,San Juan,Ouray,Voyager Youth Program,5000,Ridgway,General Operating,Children and Youth Services,
Anschutz Family Foundation,2009,San Juan,San Miguel,One Telluride,5000,Telluride,Program,Education,
Anschutz Family Foundation,2009,San Juan,San Miguel,One to One,5000,Telluride,General Operating,Children and Youth Services,
Anschutz Family Foundation,2009,San Juan,San Miguel,Prime Time Early Learning Center,7500,Norwood,General Operating,Children and Youth Services,
Anschutz Family Foundation,2009,San Juan,San Miguel,San Miguel Resource Center,5000,Telluride,General Operating,"Domestic Violence Shelters, Services",
AV Hunter Trust,2009,San Juan,Montrose,CASA of the 7th Judicial District,5000,Montrose,General Operating,Youth,8/18/09
AV Hunter Trust,2009,San Juan,Montrose,"All Points Transit, Inc.",10000,Montrose,General Operating,Seniors,11/16/09
AV Hunter Trust,2009,San Juan,Montrose,Black Canyon Boys & Girls Club,7500,Montrose,General Operating,Youth,11/16/09
Boettcher Foundation,2009,San Juan,Gunnison,Crested Butte Land Trust,3000,Crested Butte,General Operating,,
Boettcher Foundation,2009,San Juan,Gunnison,Western State College,15000,Gunnison,Student Aid/Scholarship,,
Boettcher Foundation,2009,San Juan,Montrose,Colorado FFA Foundation,1162,Montrose,General Operating,,
Boettcher Foundation,2009,San Juan,Montrose,Midwestern Colorado Mental Health Center,75000,Montrose,Capital,Health                                                                     ,
Boettcher Foundation,2009,San Juan,Montrose,Montrose Regional Library District,25000,Montrose,Capital,,
Caring for Colorado Foundation,2009,San Juan,Gunnison,"Gunnison County Health and Human Services, Multicultural Resource Office",49088,Gunnison,General Operating,,
Caring for Colorado Foundation,2009,San Juan,Montrose,Montrose County School District,37675,Montrose,Not Provided,,
Caring for Colorado Foundation,2009,San Juan,San Miguel,Norwood Fire Protection District,68559,Norwood,General Operating,,
Caring for Colorado Foundation,2009,San Juan,San Miguel,Telluride Foundation,53782,Telluride,General Operating,,
Caring for Colorado Foundation,2009,San Juan,San Miguel,Uncompahgre Medical Center,51000,Norwood,General Operating,,
Daniels Fund,2009,San Juan,Gunnison,Gunnison Country Partners,15000,Gunnison,General Operating,Children and Youth Services,
Daniels Fund,2009,San Juan,Gunnison,Stepping Stones Children's Center,5000,Crested Butte,Other,Education,
Daniels Fund,2009,San Juan,Montrose,Christ's Kitchen,10000,Montrose,General Operating,Human Services,
Daniels Fund,2009,San Juan,Montrose,"Delta Montrose Youth Services, Inc.",20000,Montrose,General Operating,Children and Youth Services,
Daniels Fund,2009,San Juan,Montrose,Dream Catcher Therapy Center Incorporated,5000,Olathe,General Operating,Disabled Persons,
Daniels Fund,2009,San Juan,Montrose,"Montrose County Senior Citizens Transportation, Inc.",15000,Montrose,General Operating,"Community, Public Affairs",
Daniels Fund,2009,San Juan,Montrose,Passage Charter School,5000,Montrose,Other,Education,
Daniels Fund,2009,San Juan,Montrose,"Sharing Ministries, Inc.",31000,Montrose,General Operating,Human Services,
Daniels Fund,2009,San Juan,San Miguel,Wright Stuff Community Foundation,15000,Norwood,Program,Education,
El Pomar Foundation,2009,San Juan,Gunnison,Center for the Arts,3500,Crested Butte,General Operating,"Arts, Culture & Humanities ",
El Pomar Foundation,2009,San Juan,Gunnison,City of Gunnison,7106,Gunnison,Capital,"Community, Public Affairs",
El Pomar Foundation,2009,San Juan,Gunnison,Crested Butte Music Festival,2500,Crested Butte,General Operating,"Arts, Culture & Humanities ",
El Pomar Foundation,2009,San Juan,Gunnison,Gunnison County Library District,6000,Gunnison,Program,"Community, Public Affairs",
El Pomar Foundation,2009,San Juan,Gunnison,Western State College Foundation,10000,Gunnison,General Operating,Education,
El Pomar Foundation,2009,San Juan,Gunnison,Western State College Foundation,50000,Gunnison,Capital,Education,
El Pomar Foundation,2009,San Juan,Gunnison,Gunnison Country Food Pantry,5000,Gunnison,Program,Human Services,
El Pomar Foundation,2009,San Juan,Gunnison,Gunnison Area Community Foundation,10000,Gunnison,Program,Health                                                                     ,
El Pomar Foundation,2009,San Juan,Gunnison,Gunnison Country Partners,1500,Gunnison,General Operating,,
El Pomar Foundation,2009,San Juan,Hinsdale,Hinsdale County Historical Society,2500,Lake City,General Operating,"Arts, Culture & Humanities ",
El Pomar Foundation,2009,San Juan,Hinsdale,Hinsdale County Public Health and Community Services,3000,Lake City,Program,Children and Youth Services,
El Pomar Foundation,2009,San Juan,Hinsdale,Lake City Arts Council,1500,Lake City,Not Provided,"Arts, Culture & Humanities ",
El Pomar Foundation,2009,San Juan,Montrose,Black Canyon Boys & Girls Club,15000,Montrose,General Operating,Children and Youth Services,
El Pomar Foundation,2009,San Juan,Montrose,Montrose County Health and Human Services,2500,Montrose,Program,Health                                                                     ,
El Pomar Foundation,2009,San Juan,Montrose,Paradox Valley School,5000,Paradox,Program,Education,
El Pomar Foundation,2009,San Juan,Montrose,Rimrocker Historical Society of Western Montrose County,1500,Nucla,Other,"Arts, Culture & Humanities ",
El Pomar Foundation,2009,San Juan,Montrose,RSVP Colorado West,5000,Montrose,General Operating,,
El Pomar Foundation,2009,San Juan,Montrose,"Casa of the Seventh Judicial District, Inc.",10000,Montrose,Program,Abuse & Neglect Prevention,
El Pomar Foundation,2009,San Juan,Montrose,"Montrose Medical Mission, Inc.",5000,Montrose,Program,Health                                                                     ,
El Pomar Foundation,2009,San Juan,Montrose,"Sharing Ministries, Inc.",5000,Montrose,Program,Human Services,
El Pomar Foundation,2009,San Juan,Montrose,West End Family Link Center,2500,Nucla,Program,Emergency Assistance      ,
El Pomar Foundation,2009,San Juan,Montrose,Colorado Future Farmers of America Foundation,1500,Montrose,General Operating,Children and Youth Services,
El Pomar Foundation,2009,San Juan,Montrose,7th Judicial District Child Advocacy Center,3000,Montrose,Program,Abuse & Neglect Prevention,
El Pomar Foundation,2009,San Juan,Montrose,Montrose County Department of Health and Human Services,1500,Montrose,Program,Health                                                                     ,
El Pomar Foundation,2009,San Juan,Montrose,Montrose County School District RE-1J,75000,Montrose,Capital,Education,
El Pomar Foundation,2009,San Juan,Montrose,Montrose Regional Library District,25000,Montrose,Capital,"Community, Public Affairs",
El Pomar Foundation,2009,San Juan,Ouray,Mount Sneffels Education Foundation,2500,Ouray,General Operating,Education,
El Pomar Foundation,2009,San Juan,Ouray,Ouray County Schools Community Resource Consortium,6000,Ridgway,General Operating,Education,
El Pomar Foundation,2009,San Juan,Ouray,San Juan Riding Program,1500,Ridgway,General Operating,Animal Protection and Welfare,
El Pomar Foundation,2009,San Juan,San Miguel,Telluride Adaptive Ski Program,7500,Telluride,Capital,Disabled Persons,
El Pomar Foundation,2009,San Juan,San Miguel,"Angel Baskets, Inc.",27500,Telluride,Program,Human Services,
El Pomar Foundation,2009,San Juan,San Miguel,Telluride Foundation,5000,Telluride,Program,"Philanthropy, Volunteerism, Grants",
El Pomar Foundation,2009,San Juan,San Miguel,Bright Futures,15000,Telluride,Program,Children and Youth Services,
El Pomar Foundation,2009,San Juan,San Miguel,Telluride Foundation,1500,Telluride,Program,,
Gates Family Foundation,2009,San Juan,Gunnison,City of Gunnison,208000,Gunnison,Capital,"Environment, Conservation",
Gates Family Foundation,2009,San Juan,Gunnison,Rocky Mountain Biological Laboratory,30000,Crested Butte,Capital,Education,
Gates Family Foundation,2009,San Juan,Hinsdale,Lake City Arts Council,100000,Lake City,Capital,"Arts, Culture & Humanities ",
Gates Family Foundation,2009,San Juan,Montrose,Black Canyon Land Trust,70000,Montrose,Capital,"Environment, Conservation",
Gates Family Foundation,2009,San Juan,Montrose,Nucla Public Library,19000,Nucla,Capital,"Arts, Culture & Humanities ",
Gates Family Foundation,2009,San Juan,Ouray,Voyager Youth Program,10702,Ridgway,Capital,Children and Youth Services,
Gates Family Foundation,2009,San Juan,San Miguel,Ah Haa School for the Arts,100000,Telluride,Capital,"Arts, Culture & Humanities ",
Gates Family Foundation,2009,San Juan,San Miguel,Town of Mountain Village,20000,Mountain Village,Capital,Education,
Helen K. and Arthur E. Johnson Foundation,2009,San Juan,Gunnison,Gunnison Country Partners,20000,Gunnison,General Operating,,
Helen K. and Arthur E. Johnson Foundation,2009,San Juan,Montrose,Black Canyon Boys & Girls Club,10000,Montrose,General Operating,Children and Youth Services,
Helen K. and Arthur E. Johnson Foundation,2009,San Juan,Montrose,"Montrose County Senior Citizens Transportation, Inc.",20000,Montrose,General Operating,"Community, Public Affairs",
Helen K. and Arthur E. Johnson Foundation,2009,San Juan,Montrose,"Partners of Delta, Montrose and Ouray",20000,Montrose,General Operating,Children and Youth Services,
Temple Hoyne Buell Foundation,2009,San Juan,Gunnison,Crystal Valley Preschool,25000,Marble,Capital,Education,
Temple Hoyne Buell Foundation,2009,San Juan,Gunnison,Gunnison County Department of Health and Human Services,18000,Gunnison,Program,Children and Youth Services,
Temple Hoyne Buell Foundation,2009,San Juan,Gunnison,Paradise Place Community Christian School,4000,Crested Butte,General Operating,Education,
Temple Hoyne Buell Foundation,2009,San Juan,Gunnison,Paradise Place Community Christian School,8000,Crested Butte,Student Aid/Scholarship,Education,
Temple Hoyne Buell Foundation,2009,San Juan,Gunnison,Stepping Stones Children's Center,5500,Crested Butte,Student Aid/Scholarship,Education,
Temple Hoyne Buell Foundation,2009,San Juan,Gunnison,Tenderfood Child & Family Development Center,22570,Gunnison,General Operating,Children and Youth Services,
Temple Hoyne Buell Foundation,2009,San Juan,Gunnison,Tenderfood Child & Family Development Center,14000,Gunnison,Other,"Community, Public Affairs",
Temple Hoyne Buell Foundation,2009,San Juan,Montrose,Black Canyon Boys & Girls Club,25000,Montrose,General Operating,Children and Youth Services,
Temple Hoyne Buell Foundation,2009,San Juan,Montrose,Montrose County Health and Human Services,23000,Montrose,Program,Health                                                                     ,
Temple Hoyne Buell Foundation,2009,San Juan,Montrose,Montrose Regional Library District,10000,Montrose,Program,Education,
Temple Hoyne Buell Foundation,2009,San Juan,Montrose,Paradox Valley School,5000,Paradox,Student Aid/Scholarship,Education,
Temple Hoyne Buell Foundation,2009,San Juan,Montrose,Passage Charter School,12000,Montrose,General Operating,Education,
Temple Hoyne Buell Foundation,2009,San Juan,Ouray,Friends of the Ridgway Library & Arts Center,1000,Ridgway,General Operating,"Arts, Culture & Humanities ",
Temple Hoyne Buell Foundation,2009,San Juan,Ouray,Ouray County Schools Community Resource Consortium,16000,Ridgway,Program,Children and Youth Services,
Temple Hoyne Buell Foundation,2009,San Juan,Ouray,Ouray School District R-1,800,Ouray,Other,Education,
Temple Hoyne Buell Foundation,2009,San Juan,San Miguel,Mountain Sprouts Preschool,1610,Telluride,Other,Education,
Temple Hoyne Buell Foundation,2009,San Juan,San Miguel,"Rainbow School and Day Care Center, Inc.",2000,Telluride,Other,Education,
Temple Hoyne Buell Foundation,2009,San Juan,San Miguel,Telluride Preschool,1610,Telluride,Other,Education,
Temple Hoyne Buell Foundation,2009,San Juan,San Miguel,Wright Stuff Community Foundation,6500,Norwood,Student Aid/Scholarship,Education,
The Colorado Health Foundation,2009,San Juan,Montrose,Basin Medical Clinic,16438,Naturita,Program,Health                                                                     ,
The Colorado Health Foundation,2009,San Juan,Montrose,"Basin Medical Clinic, Montrose Memorial Hospital",84448,Montrose,Program,Health                                                                     ,
The Colorado Health Foundation,2009,San Juan,Montrose,Midwestern Colorado Mental Health Center,159561,Montrose,Program,Health                                                                     ,
The Colorado Health Foundation,2009,San Juan,Montrose,Midwestern Colorado Mental Health Center,200000,Montrose,Program,Health                                                                     ,
The Colorado Health Foundation,2009,San Juan,Montrose,Montrose County School District RE-1J126,10443,Montrose,Program,Health                                                                     ,
The Colorado Health Foundation,2009,San Juan,Montrose,Montrose County School District RE-1J126,34000,Montrose,Program,Health                                                                     ,
The Colorado Health Foundation,2009,San Juan,Montrose,"Voans Pace, Inc.",152000,Montrose,Program,Health                                                                     ,
The Colorado Health Foundation,2009,San Juan,San Miguel,Uncompahgre Combined Clinics,90000,Norwood,Program,Health                                                                     ,
The Colorado Health Foundation,2009,San Juan,San Miguel,Uncompahgre Combined Clinics,86793,Norwood,Program,Health                                                                     ,
The Colorado Trust,2009,San Juan,Gunnison,Gunnison County,7376,Gunnison,Program,Health                                                                     ,
The Colorado Trust,2009,San Juan,Gunnison,Gunnison County Public Health,187500,Gunnison,Program,Health                                                                     ,
The Colorado Trust,2009,San Juan,Montrose,Midwestern Colorado Mental Health Center,324500,Montrose,Program,Health                                                                     ,
The Colorado Trust,2009,San Juan,Montrose,Midwestern Colorado Mental Health Center,20000,Montrose,Program,Health                                                                     ,
The Colorado Trust,2009,San Juan,San Miguel,Bright Futures for Early Childhood and Families,7500,Telluride,Program,Health                                                                     ,
The Colorado Trust,2009,San Juan,San Miguel,Bright Futures for Early Childhood and Families,165000,Telluride,Program,Health                                                                     ,
Adolph Coors Foundation,2010,San Juan,Montrose,RSVP Colorado West,5000,Montrose,General Operating,"Philanthropy, Volunteerism, Grants",
Adolph Coors Foundation,2010,San Juan,San Miguel,The Pinhead Institute,7500,Telluride,General Operating,,
Anschutz Family Foundation,2010,San Juan,Gunnison,Interim Western Slope Rural Philanthropy Days,5000,Crested Butte,General Operating,,
Anschutz Family Foundation,2010,San Juan,Gunnison,Paradise Place Community Christian School,2500,Crested Butte,Student Aid/Scholarship,Children and Youth Services,
Anschutz Family Foundation,2010,San Juan,Gunnison,Office for Resource Efficiency (ORE),5000,Crested Butte,Program,Economic Development      ,
Anschutz Family Foundation,2010,San Juan,Gunnison,Gunnison Area Restorative Practices,5000,Gunnison,General Operating,Children and Youth Services,
Anschutz Family Foundation,2010,San Juan,Gunnison,Gunnison County Partners,5000,Gunnison,General Operating,Children and Youth Services,
Anschutz Family Foundation,2010,San Juan,Montrose,Voices for Children,5000,Montrose,General Operating,Children and Youth Services,
Anschutz Family Foundation,2010,San Juan,Montrose,End of the Trail Horse Rescue/Sanctuary,5000,Olathe,General Operating,Disabled Persons,
Anschutz Family Foundation,2010,San Juan,Montrose,Paradox Valley School,7500,Paradox,Program,Education,
Anschutz Family Foundation,2010,San Juan,Montrose,Sharing Ministries Food Bank,5000,Montrose,General Operating,"Food, Agriculture, Nutrition",
Anschutz Family Foundation,2010,San Juan,Montrose,Montrose County Health and Human Services,560,Montrose,Program,Children and Youth Services,
Anschutz Family Foundation,2010,San Juan,Montrose,West End Family Link Center,5000,Nucla,Program,,
Anschutz Family Foundation,2010,San Juan,Montrose,"Partners of Delta, Montrose and Ouray",5000,Montrose,General Operating,Children and Youth Services,
Anschutz Family Foundation,2010,San Juan,San Miguel,"University Centers of the San Miguel, Inc.",5000,Telluride,General Operating,Education,
Anschutz Family Foundation,2010,San Juan,San Miguel,One to One,5000,Telluride,General Operating,Children and Youth Services,
AV Hunter Trust,2010,San Juan,Montrose,"All Points Transit, Inc.",10000,Montrose,Program Support,Seniors,11/22/10
AV Hunter Trust,2010,San Juan,Montrose,Black Canyon Boys & Girls Club,7500,Montrose,General Operating,Youth,11/22/10
Boettcher Foundation,2010,San Juan,Gunnison,Crested Butte Land Trust,5000,Crested Butte,General Operating,,
Boettcher Foundation,2010,San Juan,Gunnison,Rocky Mountain Biological Laboratory,3000,Crested Butte,General Operating,,
Boettcher Foundation,2010,San Juan,Gunnison,Western State College,15000,Gunnison,Student Aid/Scholarship,Education,
Boettcher Foundation,2010,San Juan,Hinsdale,Lake City Area Medical Center,25000,Lake City,Capital,Health                                                                     ,
Boettcher Foundation,2010,San Juan,Montrose,Colorado FFA Foundation,1170,Montrose,Program,,
Boettcher Foundation,2010,San Juan,San Miguel,Ah Haa School for the Arts,25000,Telluride,Capital,,
Boettcher Foundation,2010,San Juan,San Miguel,Telluride Foundation,25000,Telluride,Capital,,
Caring for Colorado Foundation,2010,San Juan,Gunnison,Gunnison County Department of Health and Human Services,49088,Gunnison,Other,Health                                                                     ,
Caring for Colorado Foundation,2010,San Juan,Montrose,Midwestern Colorado Mental Health Center,50000,Montrose,Program,Health                                                                     ,
Caring for Colorado Foundation,2010,San Juan,Montrose,Montrose County Senior Citizens Transportation dba All Points Transit,30000,Montrose,Program,,
Caring for Colorado Foundation,2010,San Juan,San Miguel,The Telluride Medical Center Foundation,10600,Telluride,Program,Health                                                                     ,
Caring for Colorado Foundation,2010,San Juan,San Miguel,Uncompahgre Medical Center,125000,Norwood,Program,Health                                                                     ,
Daniels Fund,2010,San Juan,Montrose,RSVP Colorado West,15000,Montrose,Other,"Philanthropy, Volunteerism, Grants",
Daniels Fund,2010,San Juan,Montrose,"Sharing Ministries, Inc",35000,Montrose,General Operating,Human Services,
Daniels Fund,2010,San Juan,Montrose,Black Canyon Boys & Girls Club,20000,Montrose,General Operating,Children and Youth Services,
Daniels Fund,2010,San Juan,Montrose,"Delta Montrose Youth Services, Inc",25000,Montrose,General Operating,Children and Youth Services,
Daniels Fund,2010,San Juan,San Miguel,San Miguel Mentoring Program,7500,Telluride,General Operating,Children and Youth Services,
El Pomar Foundation,2010,San Juan,Gunnison,Western State College Foundation,10000,Gunnison,General Operating,Education,
El Pomar Foundation,2010,San Juan,Gunnison,"Gunnison Valley Animal Welfare League, Inc.",5000,Gunnison,General Operating,Animal Protection and Welfare,
El Pomar Foundation,2010,San Juan,Gunnison,Gunnison Country Food Pantry,5000,Gunnison,Program,Human Services,
El Pomar Foundation,2010,San Juan,Gunnison,Gunnison County Health and Human Services,2500,Gunnison,Program,Health                                                                     ,
El Pomar Foundation,2010,San Juan,Gunnison,"Jubilee House of Gunnison County, Inc.",3000,Gunnison,Program,"Domestic Violence Shelters, Services",
El Pomar Foundation,2010,San Juan,Gunnison,Gunnison Country Partners,3000,Gunnison,Program,Children and Youth Services,
El Pomar Foundation,2010,San Juan,Gunnison,Gunnison Council for the Arts,1500,Gunnison,General Operating,"Arts, Culture & Humanities ",
El Pomar Foundation,2010,San Juan,Gunnison,Gunnison County Health and Human Services,10000,Gunnison,Program,Health                                                                     ,
El Pomar Foundation,2010,San Juan,Hinsdale,Lake Fork Health Services District,25000,Lake City,Capital,Health                                                                     ,
El Pomar Foundation,2010,San Juan,Hinsdale,Christian Community Service,5000,Lake City,Program,Human Services,
El Pomar Foundation,2010,San Juan,Hinsdale,Lake City Arts Council,1500,Lake City,General Operating,"Arts, Culture & Humanities ",
El Pomar Foundation,2010,San Juan,Montrose,Rimrocker Historical Society of Western Colorado,1500,Nucla,Other,"Arts, Culture & Humanities ",
El Pomar Foundation,2010,San Juan,Montrose,Christ's Kitchen,2500,Montrose,General Operating,Human Services,
El Pomar Foundation,2010,San Juan,Montrose,Dream Catcher Therapy Center,2500,Olathe,Program,Animal Protection and Welfare,
El Pomar Foundation,2010,San Juan,Montrose,"Association of Montrose Churches, Inc.",8000,Montrose,Program,"Housing, Homeless shelters",
El Pomar Foundation,2010,San Juan,Montrose,Hilltop Health Services Corporation,5000,Montrose,Program,"Domestic Violence Shelters, Services",
El Pomar Foundation,2010,San Juan,Montrose,"Montrose County Senior Citizens Transportation, Inc.",3000,Montrose,Program,Disabled Persons,
El Pomar Foundation,2010,San Juan,Montrose,"Montrose Medical Mission, Inc.",2500,Montrose,Program,Health                                                                     ,
El Pomar Foundation,2010,San Juan,Montrose,"Sharing Ministries, Inc",3000,Montrose,Program,Human Services,
El Pomar Foundation,2010,San Juan,Montrose,Black Canyon Boys & Girls Club,5000,Montrose,General Operating,Children and Youth Services,
El Pomar Foundation,2010,San Juan,Montrose,Montrose County Health and Human Services,1500,Montrose,Program,Children and Youth Services,
El Pomar Foundation,2010,San Juan,Ouray,Weehawken Creative Arts (WCA),2500,Ridgway,General Operating,"Arts, Culture & Humanities ",
El Pomar Foundation,2010,San Juan,Ouray,Animal Humane Society of Ouray County,5000,Ridgway,Program,Animal Protection and Welfare,
El Pomar Foundation,2010,San Juan,Ouray,United Church of the San Juans,1500,Ouray,Program,Human Services,
El Pomar Foundation,2010,San Juan,San Miguel,Ah Haa School for the Arts,10000,Telluride,General Operating,Education,
El Pomar Foundation,2010,San Juan,San Miguel,"University Centers of the San Miguel, Inc.",5000,Telluride,General Operating,Education,
El Pomar Foundation,2010,San Juan,San Miguel,Telluride Medical Center Foundation,25000,Telluride,Capital,Health                                                                     ,
El Pomar Foundation,2010,San Juan,San Miguel,San Miguel Mentoring Program,5000,Telluride,General Operating,"Community, Public Affairs",
El Pomar Foundation,2010,San Juan,San Miguel,"Angel Baskets, Inc.",5000,Norwood,Program,Human Services,
El Pomar Foundation,2010,San Juan,San Miguel,San Miguel Resource Center,2000,Telluride,Program,"Domestic Violence Shelters, Services",
El Pomar Foundation,2010,San Juan,San Miguel,Telluride Foundation,5000,Telluride,Program,"Community, Public Affairs",
El Pomar Foundation,2010,San Juan,San Miguel,Bright Futures,30000,Telluride,Other,Children and Youth Services,
El Pomar Foundation,2010,San Juan,San Miguel,Telluride Foundation,35000,Telluride,Program,Health                                                                     ,
El Pomar Foundation,2010,San Juan,San Miguel,Wright Stuff Community Foundation,1500,Norwood,Program,"Community, Public Affairs",
El Pomar Foundation,2010,San Juan,San Miguel,Telluride High School,5000,Telluride,Other,Education,
Gates Family Foundation,2010,San Juan,Gunnison,Gunnison Ranchland Conservation Legacy,22650,Gunnison,Capital,"Environment, Conservation",
Gates Family Foundation,2010,San Juan,Hinsdale,Lake City Area Medical Center,150000,Lake City,Capital,Children and Youth Services,
Gates Family Foundation,2010,San Juan,Ouray,Friends of the Wright Opera House,75000,Ouray,Capital,"Arts, Culture & Humanities ",
Gates Family Foundation,2010,San Juan,San Miguel,Ah Haa School for the Arts,50000,Telluride,Capital,"Arts, Culture & Humanities ",
Helen K. and Arthur E. Johnson Foundation,2010,San Juan,Gunnison,Gunnison Country Partners,20000,Gunnison,General Operating,,
Helen K. and Arthur E. Johnson Foundation,2010,San Juan,Montrose,"Montrose County Senior Citizens Transportation, Inc.",20000,Montrose,General Operating,"Community, Public Affairs",
Helen K. and Arthur E. Johnson Foundation,2010,San Juan,Montrose,"Montrose County Senior Citizens Transportation, Inc.",20000,Montrose,Other,"Community, Public Affairs",
Helen K. and Arthur E. Johnson Foundation,2010,San Juan,Montrose,"Partners of Delta, Montrose and Ouray",18000,Montrose,General Operating,Children and Youth Services,
Temple Hoyne Buell Foundation,2010,San Juan,Gunnison,Tenderfoot Child & Family Development Center,22500,Gunnison,General Operating,Children and Youth Services,
Temple Hoyne Buell Foundation,2010,San Juan,Gunnison,Gunnison County Department of Health and Human Services,18000,Gunnison,Program,Health                                                                     ,
Temple Hoyne Buell Foundation,2010,San Juan,Gunnison,Stepping Stones Children's Center,10000,Crested Butte,Student Aid/Scholarship,Education,
Temple Hoyne Buell Foundation,2010,San Juan,Gunnison,Stepping Stones Children's Center,5000,Crested Butte,General Operating,Education,
Temple Hoyne Buell Foundation,2010,San Juan,Gunnison,Gunnison County Library District,10000,Gunnison,Program,Education,
Temple Hoyne Buell Foundation,2010,San Juan,Montrose,Montrose County Health and Human Services,27000,Montrose,Program,Health                                                                     ,
Temple Hoyne Buell Foundation,2010,San Juan,Montrose,Montrose County Health and Human Services,18000,Montrose,Program,Health                                                                     ,
Temple Hoyne Buell Foundation,2010,San Juan,Montrose,Passage Charter School,12000,Montrose,Not Provided,Education,
Temple Hoyne Buell Foundation,2010,San Juan,Montrose,Paradox Valley School,2000,Paradox,Student Aid/Scholarship,Education,
Temple Hoyne Buell Foundation,2010,San Juan,Montrose,Paradox Valley School,2500,Paradox,Other,Education,
Temple Hoyne Buell Foundation,2010,San Juan,Montrose,Paradox Valley School,2500,Paradox,Program,Education,
Temple Hoyne Buell Foundation,2010,San Juan,Ouray,Ouray County Schools Community Resource Consortium,16000,Ridgway,Program,Education,
Temple Hoyne Buell Foundation,2010,San Juan,San Miguel,Wright Stuff Community Foundation,30000,Norwood,Program,"Community, Public Affairs",
Temple Hoyne Buell Foundation,2010,San Juan,San Miguel,Town of Mountain Village,25000,Mountain Village,Capital,Children and Youth Services,
Temple Hoyne Buell Foundation,2010,San Juan,San Miguel,Bright Futures,18000,Telluride,Program,Education,
Temple Hoyne Buell Foundation,2010,San Juan,San Miguel,Mountain Sprouts Preschool,2000,Telluride,Other,Education,
The Colorado Health Foundation,2010,San Juan,Montrose,Northside Child Health Center,70000,Montrose,Program,Health                                                                     ,
The Colorado Health Foundation,2010,San Juan,Montrose,Paradox Valley School,10500,Paradox,Program,Health                                                                     ,
The Colorado Health Foundation,2010,San Juan,Montrose,"Voans Pace, Inc.",85600,Montrose,Program,Health                                                                     ,
The Colorado Health Foundation,2010,San Juan,San Miguel,Telluride Foundation,190000,Telluride,Program,Health                                                                     ,
The Colorado Health Foundation,2010,San Juan,San Miguel,Uncompahgre Combined Clinic,10000,Norwood,Program,Health                                                                     ,
The Colorado Health Foundation,2010,San Juan,San Miguel,Uncompahgre Combined Clinic,385055,Norwood,Program,Health                                                                     ,
The Colorado Trust,2010,San Juan,Gunnison,Gunnison County Health and Human Services,60878,Gunnison,Program,Health                                                                     ,
The Colorado Trust,2010,San Juan,Gunnison,Gunnisun Legacy Fund,3000,Gunnison,General Operating,,
The Colorado Trust,2010,San Juan,San Miguel,Bright Futures for Early Childhood and Families,25000,Telluride,Program,Health                                                                     ,
Adolph Coors Foundation,2011,San Juan,Montrose,Black Canyon Boys & Girls Club,10000,Montrose,General Operating,,
Adolph Coors Foundation,2011,San Juan,Montrose,Delta Montrose Youth Services,15000,Montrose,General Operating,,
Adolph Coors Foundation,2011,San Juan,Ouray,Ouray County Schools Community Resource Consortium,8000,Ridgway,General Operating,,
Adolph Coors Foundation,2011,San Juan,San Miguel,San Miguel Mentoring Program,10000,Telluride,General Operating,,
Anschutz Family Foundation,2011,San Juan,Gunnison,"Adaptive Sports Center of Crested Butte, Inc.",5000,Crested Butte,General Operating,Disabled Persons,
Anschutz Family Foundation,2011,San Juan,Gunnison,Paradise Place Community Christian School,2500,Crested Butte,Student Aid/Scholarship,Children and Youth Services,
Anschutz Family Foundation,2011,San Juan,Gunnison,Gunnison Country Partners,5000,Gunnison,General Operating,Children and Youth Services,
Anschutz Family Foundation,2011,San Juan,Hinsdale,Community Food Bank,5000,Grand Junction,General Operating,Emergency Assistance      ,
Anschutz Family Foundation,2011,San Juan,Montrose,The Dolphin House,7500,Montrose,Program,Abuse & Neglect Prevention,
Anschutz Family Foundation,2011,San Juan,Montrose,Voices for Children,5000,Montrose,General Operating,Abuse & Neglect Prevention,
Anschutz Family Foundation,2011,San Juan,Montrose,End of the Trail Horse Rescue/Sanctuary,5000,Olathe,General Operating,Disabled Persons,
Anschutz Family Foundation,2011,San Juan,Montrose,Christ's Kitchen,5000,Montrose,General Operating,"Food, Agriculture, Nutrition",
Anschutz Family Foundation,2011,San Juan,Montrose,Passage Charter School,5000,Montrose,General Operating,Education,
Anschutz Family Foundation,2011,San Juan,Montrose,"All Points Transit, Inc.",7500,Montrose,Program,Disabled Persons,
Anschutz Family Foundation,2011,San Juan,Ouray,Voyager Youth Program,5000,Ridgway,General Operating,Children and Youth Services,
Anschutz Family Foundation,2011,San Juan,San Miguel,Telluride Adaptive Sports Program,5000,Telluride,General Operating,Disabled Persons,
Anschutz Family Foundation,2011,San Juan,San Miguel,The Wright Stuff Community Foundation,5000,Norwood,General Operating,Children and Youth Services,
AV Hunter Trust,2011,San Juan,Montrose,"All Points Transit, Inc.",15000,Montrose,Program,Seniors,11/22/11
AV Hunter Trust,2011,San Juan,Montrose,Black Canyon Boys & Girls Club,7500,Montrose,General Operating,Youth,11/22/11
Boettcher Foundation,2011,San Juan,Gunnison,Crested Butte Land Trust,2500,Crested Butte,General Operating,,
Boettcher Foundation,2011,San Juan,Gunnison,Rocky Mountain Biological Laboratory,2500,Crested Butte,General Operating,,
Boettcher Foundation,2011,San Juan,Gunnison,Western State College,15000,Gunnison,Student Aid/Scholarship,Education,
Boettcher Foundation,2011,San Juan,Montrose,Colorado FFA Foundation,1170,Montrose,Program,,
Boettcher Foundation,2011,San Juan,Ouray,Wright Opera House,20000,Ouray,Capital,"Arts, Culture & Humanities ",
Boettcher Foundation,2011,San Juan,San Miguel,Telluride Medical Center,25000,Telluride,Capital,Health                                                                     ,
Caring for Colorado Foundation,2011,San Juan,Gunnison,Gunnison County Department of Health and Human Services,50000,Gunnison,Program,Health                                                                     ,
Caring for Colorado Foundation,2011,San Juan,Hinsdale,"LCMC Endowment Fund, Inc.",100000,Lake City,Capital,Health                                                                     ,
Caring for Colorado Foundation,2011,San Juan,Montrose,Montrose County School District RE-1J,10473,Montrose,Program,Health                                                                     ,
Caring for Colorado Foundation,2011,San Juan,Montrose,"Montrose County Senior Citizens Transportation, Inc. dba All Points Transit",30000,Montrose,Program,Health                                                                     ,
Caring for Colorado Foundation,2011,San Juan,San Miguel,Telluride Foundation,72284,Telluride,Program,Health                                                                     ,
Caring for Colorado Foundation,2011,San Juan,San Miguel,Uncompahgre Combined Clinics dba Uncompahgre Medical Center,100000,Norwood,Program,Health                                                                     ,
Daniels Fund,2011,San Juan,Gunnison,Paradise Place Community Christian School,8300,Crested Butte,Program,Education,
Daniels Fund,2011,San Juan,Gunnison,Gunnison Country Partners,25000,Gunnison,General Operating,Children and Youth Services,
Daniels Fund,2011,San Juan,Hinsdale,Hinsdale County Public Health Agency,10000,Lake City,Program,Health                                                                     ,
Daniels Fund,2011,San Juan,Montrose,"Montrose County Senior Citizens Transportation, Inc.",25000,Montrose,General Operating,"Community, Public Affairs",
Daniels Fund,2011,San Juan,Montrose,Christ's Kitchen,15000,Montrose,General Operating,Human Services,
Daniels Fund,2011,San Juan,Ouray,Uncompahgre Board of Cooperative Services,27770,Ridgway,General Operating,Disabled Persons,
Daniels Fund,2011,San Juan,San Miguel,Wright Stuff Community Foundation,15000,Norwood,Program,Education,
El Pomar Foundation,2011,San Juan,Gunnison,Crested Butte Mountain Heritage Museum,1000,Crested Butte,Capital,"Arts, Culture & Humanities ",
El Pomar Foundation,2011,San Juan,Gunnison,Town of Crested Butte,25000,Crested Butte,Capital,"Community, Public Affairs",
El Pomar Foundation,2011,San Juan,Gunnison,Telluride Academy,5000,Telluride,Program,Education,
El Pomar Foundation,2011,San Juan,Gunnison,Western State College Foundation,5000,Gunnison,Program,Education,
El Pomar Foundation,2011,San Juan,Gunnison,Habitat for Humanity of Gunnison Valley,5000,Gunnison,Program,"Housing, Homeless shelters",
El Pomar Foundation,2011,San Juan,Gunnison,Gunnison Country Food Pantry,7500,Gunnison,Program,Human Services,
El Pomar Foundation,2011,San Juan,Gunnison,Gunnison County Health and Human Services,12000,Gunnison,Program,Health                                                                     ,
El Pomar Foundation,2011,San Juan,Gunnison,Gunnison Country Partners,20000,Gunnison,Other,,
El Pomar Foundation,2011,San Juan,Gunnison,Gunnison Country Partners,2500,Gunnison,General Operating,,
El Pomar Foundation,2011,San Juan,Gunnison,Gunnison County Health and Human Services,20000,Gunnison,Other,Health                                                                     ,
El Pomar Foundation,2011,San Juan,Gunnison,Gunnison Watershed School District RE-1J,1500,Gunnison,Program,Health                                                                     ,
El Pomar Foundation,2011,San Juan,Hinsdale,Lake Fork Health Service District,2500,Lake City,Other,Education,
El Pomar Foundation,2011,San Juan,Montrose,"Montrose County Senior Citizens Transportation, Inc.",10000,Montrose,General Operating,"Community, Public Affairs",
El Pomar Foundation,2011,San Juan,Montrose,Mesa State College Foundation,5000,Montrose,Not Provided,Education,
El Pomar Foundation,2011,San Juan,Montrose,7th Judicial District Child Advocacy Center,12500,Montrose,General Operating,Abuse & Neglect Prevention,
El Pomar Foundation,2011,San Juan,Montrose,Montrose Animal Protection Agency,2500,Montrose,Program,Animal Protection and Welfare,
El Pomar Foundation,2011,San Juan,Montrose,"Association of Montrose Churches, Inc.",6000,Montrose,Program,"Housing, Homeless shelters",
El Pomar Foundation,2011,San Juan,Montrose,Delta-Montrose Electrice Association Charitable Trust,10000,Montrose,Program,,
El Pomar Foundation,2011,San Juan,Montrose,"Montrose Medical Mission, Inc.",5000,Montrose,Program,Health                                                                     ,
El Pomar Foundation,2011,San Juan,Montrose,West End Family Link Center,3000,Nucla,Program,Human Services,
El Pomar Foundation,2011,San Juan,Montrose,"Black Canyon Boys & Girls Club, Inc.",5000,Montrose,General Operating,Children and Youth Services,
El Pomar Foundation,2011,San Juan,Montrose,7th Judicial District Child Advocacy Center,1500,Montrose,General Operating,Abuse & Neglect Prevention,
El Pomar Foundation,2011,San Juan,Montrose,Montrose County School District RE-1J,10000,Montrose,Other,Education,
El Pomar Foundation,2011,San Juan,Montrose,Montrose Education Foundation,1500,Montrose,General Operating,Education,
El Pomar Foundation,2011,San Juan,Ouray,Ouray County Public Health,2500,Ouray,Program,Emergency Assistance      ,
El Pomar Foundation,2011,San Juan,San Miguel,San Miguel Watershed Coalition,20000,Telluride,Program,"Environment, Conservation",
El Pomar Foundation,2011,San Juan,San Miguel,Telluride Council for the Arts and Humanities,5000,Telluride,General Operating,"Arts, Culture & Humanities ",
El Pomar Foundation,2011,San Juan,San Miguel,Telluride Foundation,5000,Telluride,Program,"Community, Public Affairs",
El Pomar Foundation,2011,San Juan,San Miguel,Bright Futures,15000,Telluride,Capital,Education,
El Pomar Foundation,2011,San Juan,San Miguel,Wright Stuff Community Foundation,10000,Norwood,Program,Education,
El Pomar Foundation,2011,San Juan,San Miguel,"Angel Baskets, Inc.",3500,Telluride,Program,Human Services,
El Pomar Foundation,2011,San Juan,San Miguel,Telluride Foundation,5000,Telluride,Other,"Community, Public Affairs",
El Pomar Foundation,2011,San Juan,San Miguel,Uncompahgre Combined Clinics,2000,Norwood,Program,Health                                                                     ,
El Pomar Foundation,2011,San Juan,San Miguel,Bright Futures,10000,Telluride,Program,Education,
El Pomar Foundation,2011,San Juan,San Miguel,"Delta-Montrose Youth Services, Inc.",30000,Telluride,Program,Children and Youth Services,
El Pomar Foundation,2011,San Juan,San Miguel,San Miguel Mentoring Program,5000,Telluride,General Operating,Education,
El Pomar Foundation,2011,San Juan,San Miguel,San Miguel Mentoring Program,1500,Telluride,General Operating,Education,
El Pomar Foundation,2011,San Juan,San Miguel,Telluride Foundation,18000,Telluride,Program,Education,
El Pomar Foundation,2011,San Juan,San Miguel,Telluride Foundation,22000,Telluride,Program,Education,
El Pomar Foundation,2011,San Juan,San Miguel,Wright Stuff Community Foundation,15000,Norwood,Program,Children and Youth Services,
Gates Family Foundation,2011,San Juan,Gunnison,Crested Butte Land Trust,72940,Crested Butte,Capital,"Environment, Conservation",
Gates Family Foundation,2011,San Juan,Gunnison,Town of Crested Butte,10000,Crested Butte,Capital,"Environment, Conservation",
Gates Family Foundation,2011,San Juan,Hinsdale,Lake City Public Library,35000,Lake City,Capital,"Arts, Culture & Humanities ",
Helen K. and Arthur E. Johnson Foundation,2011,San Juan,Gunnison,Gunnison Country Partners,25000,Gunnison,General Operating,Human Services,
Helen K. and Arthur E. Johnson Foundation,2011,San Juan,Montrose,"Black Canyon Boys & Girls Club, Inc.",10000,Montrose,General Operating,Children and Youth Services,
Helen K. and Arthur E. Johnson Foundation,2011,San Juan,Montrose,"Partners of Delta, Montrose & Ouray",15000,Montrose,General Operating,"Community, Public Affairs",
Temple Hoyne Buell Foundation,2011,San Juan,Gunnison,Tenderfoot Child & Family Development Center,10000,Gunnison,Program,Children and Youth Services,
Temple Hoyne Buell Foundation,2011,San Juan,Gunnison,Tenderfoot Child & Family Development Center,22500,Gunnison,Student Aid/Scholarship,Children and Youth Services,
Temple Hoyne Buell Foundation,2011,San Juan,Gunnison,Tenderfoot Child & Family Development Center,8400,Gunnison,Other,Children and Youth Services,
Temple Hoyne Buell Foundation,2011,San Juan,Gunnison,Paradise Place,15000,Crested Butte,Student Aid/Scholarship,Education,
Temple Hoyne Buell Foundation,2011,San Juan,Gunnison,Stepping Stones Children's Center,10000,Crested Butte,Student Aid/Scholarship,Education,
Temple Hoyne Buell Foundation,2011,San Juan,Gunnison,Stepping Stones Children's Center,10000,Crested Butte,General Operating,Education,
Temple Hoyne Buell Foundation,2011,San Juan,Gunnison,Gunnison County Department of Health and Human Services,8000,Gunnison,Program,Health                                                                     ,
Temple Hoyne Buell Foundation,2011,San Juan,Gunnison,Gunnison County Library District,5000,Gunnison,Program,Education,
Temple Hoyne Buell Foundation,2011,San Juan,Montrose,Montrose County Health and Human Services,27000,Montrose,Program,Children and Youth Services,
Temple Hoyne Buell Foundation,2011,San Juan,Montrose,"Black Canyon Boys & Girls Club, Inc.",25000,Montrose,Program,Children and Youth Services,
Temple Hoyne Buell Foundation,2011,San Juan,Montrose,Passage Charter School,25000,Montrose,Not Provided,Education,
Temple Hoyne Buell Foundation,2011,San Juan,Montrose,Montrose County Health and Human Services,18000,Montrose,Program,Health                                                                     ,
Temple Hoyne Buell Foundation,2011,San Juan,Ouray,Ouray County Schools Community Resource Consortium,5000,Ridgway,Program,Education,
Temple Hoyne Buell Foundation,2011,San Juan,San Miguel,Wright Stuff Community Foundation,25000,Norwood,Not Provided,Education,
Temple Hoyne Buell Foundation,2011,San Juan,San Miguel,Bright Futures,20000,Telluride,Program,Children and Youth Services,
Temple Hoyne Buell Foundation,2011,San Juan,San Miguel,Mountain Sprouts Preschool,7000,Telluride,Student Aid/Scholarship,Education,
The Colorado Health Foundation,2011,San Juan,Montrose,Montrose County School District RE-1J,258442,Montrose,Program,Health                                                                     ,
The Colorado Health Foundation,2011,San Juan,Montrose,Montrose Memorial Hospital,126229,Montrose,Program,Health                                                                     ,
The Colorado Health Foundation,2011,San Juan,Montrose,Paradox Valley School,93595,Paradox,Program,Health                                                                     ,
The Colorado Health Foundation,2011,San Juan,San Miguel,Uncompahgre Combined Clinics,650000,Norwood,Program,Health                                                                     ,
Adolph Coors Foundation,2012,San Juan,Gunnison,Gunnison Country Partners,15000,Gunnison,General Operating,"Community, Public Affairs",,,,,
Anschutz Family Foundation,2012,San Juan,Gunnison,"Adaptive Sports Center of  Crested Butte, Inc.",5000,Crested Butte,General Operating,Disabled,,,,,
Anschutz Family Foundation,2012,San Juan,Gunnison,Gunnison County Library District,5000,Gunnison,Program,Self Sufficiency,,,,,
Anschutz Family Foundation,2012,San Juan,Gunnison,Paradise Place Community School,5000,Crested Butte,Program,Youth Development,,,,,
Anschutz Family Foundation,2012,San Juan,Montrose,The Dolphin House,7500,Montrose,General Operating,Crisis Intervention ,,,,,
Anschutz Family Foundation,2012,San Juan,Montrose,Paradox Valley School,7500,Paradox,Program,Education ,,,,,
Anschutz Family Foundation,2012,San Juan,Montrose,Passage Charter School,5000,Montrose,General Operating,Education ,,,,,
Anschutz Family Foundation,2012,San Juan,Montrose,Haven House of Montrose,6000,Montrose,General Operating,Food/Shelter/Homeless,,,,,
Anschutz Family Foundation,2012,San Juan,Montrose,"All Points Transit, Inc. ",7500,Montrose,Program,Senior Programs,,,,,
Anschutz Family Foundation,2012,San Juan,Montrose,"Black Canyon Boys and Girls Club, Inc. ",7000,Montrose,General Operating,Youth Development,,,,,
Anschutz Family Foundation,2012,San Juan,Montrose,Montrose Regional Library District,5000,Montrose,Program,Youth Development,,,,,
Anschutz Family Foundation,2012,San Juan,Montrose,"Partners of Delta, Montrose and Ouray",7500,Montrose,General Operating,Youth Development,,,,,
Anschutz Family Foundation,2012,San Juan,Ouray,Second Chance Humane Society,5000,Ridgeway,Program,Humane Animal Services,,,,,
Anschutz Family Foundation,2012,San Juan,Ouray,"Ouray County Neighbor to Neighbor, Inc.",5000,Ouray,General Operating,Senior Programs,,,,,
Anschutz Family Foundation,2012,San Juan,Ouray,Voyager Youth Program,5000,Ridgeway,General Operating,Youth Development,,,,,
Anschutz Family Foundation,2012,San Juan,San Miguel,San Miguel Resource Center,5000,Telluride,Program,Crisis Intervention ,,,,,
Anschutz Family Foundation,2012,San Juan,San Miguel,"Angel Baskets, Inc. ",5000,Telluride,General Operating,Food/Shelter/Homeless,,,,,
AV Hunter Trust,2012,San Juan,Gunnison,Habitat for Humanity of Gunnison Valley,5000,Gunnison,General Operating,Indigent,8/27/12,,,,
AV Hunter Trust,2012,San Juan,Montrose,"All Points Transit, Inc.",15000,Montrose,Program,Seniors,11/19/12,,,,
AV Hunter Trust,2012,San Juan,Montrose,Black Canyon Boys & Girls Club,7500,Montrose,General Operating,Youth,11/19/12,,,,
Boettcher Foundation,2012,San Juan,Gunnison,Rocky Mountain Biological Laboratory,50000,Crested Butte,Capital,,,,,,
Boettcher Foundation,2012,San Juan,Gunnison,Western State Colorado University,15000,Gunnison,Scholarship Support,,,,,,
Boettcher Foundation,2012,San Juan,Montrose,Colorado FFA Foundation,1700,Montrose,Program,,,,,,
Boettcher Foundation,2012,San Juan,San Miguel,Telluride Academy,125000,Telluride,Capital,,,,,,
Caring for Colorado Foundation,2012,San Juan,Gunnison,Gunnison County Health and Human Services,50000,Gunnison,Program,Health,990 dated Oct 2011 through Sept 2012 ,,,,
Caring for Colorado Foundation,2012,San Juan,Montrose,Midwestern Colorado Mental Health Center,47940,Montrose,Program,Health,990 dated Oct 2011 through Sept 2012 ,,,,
Caring for Colorado Foundation,2012,San Juan,Montrose,Montrose County School District RE-1J,12975,Montrose,Program,Health,990 dated Oct 2011 through Sept 2012 ,,,,
Caring for Colorado Foundation,2012,San Juan,Montrose,"Montrose County Senior Citizen's Transportation, Inc.",35000,Montrose,Program,Health,990 dated Oct 2011 through Sept 2012 ,,,,
Caring for Colorado Foundation,2012,San Juan,Montrose,"Olathe Community Clinic, Inc.",45250,Olathe,Program,Health,990 dated Oct 2011 through Sept 2012 ,,,,
Caring for Colorado Foundation,2012,San Juan,San Miguel,Tri-County Health Network,69595,Telluride,Program,Health,1007 dated Oct 2011 through Sept 2012 ,,,,
Caring for Colorado Foundation,2012,San Juan,San Miguel,Uncompahgre Combined Clinics,100000,Norwood,Program,Health,1008 dated Oct 2011 through Sept 2012 ,,,,
Daniels Fund,2012,San Juan,Montrose,Haven House of Montrose,15000,Montrose,General Operating,Homeless and Disadvantaged,,,,,
Daniels Fund,2012,San Juan,Montrose,Passage Charter School,10000,Montrose,Program,Early Childhood Education,,,,,
Daniels Fund,2012,San Juan,Montrose,RSVP Colorado West,15000,Montrose,Program,Aging,,,,,
Daniels Fund,2012,San Juan,Montrose,Sharing Ministries,20000,Montrose,General Operating,Homeless and Disadvantaged,,,,,
El Pomar Foundation,2012,San Juan,Gunnison,"Adaptive Sports Center of  Crested Butte, Inc.",10000,Crested Butte,Program,Civic and Community,,,,,
El Pomar Foundation,2012,San Juan,Gunnison,Western State College Foundation,5000,Gunnison,General Operating,Education ,,,,,
El Pomar Foundation,2012,San Juan,Gunnison,Gunnison County Partners,10000,Gunnison,General Operating,Human Services ,,,,,
El Pomar Foundation,2012,San Juan,Gunnison,Gunnison Country Food Pantry,5000,Gunnison,Program,Human Services ,,,,,
El Pomar Foundation,2012,San Juan,Gunnison,Gunnison County Health and Human Services,10000,Gunnison,Program,Human Services ,,,,,
El Pomar Foundation,2012,San Juan,Gunnison,Gunnison County Partners,4000,Gunnison,Program,Child and Youth Services,,,,,
El Pomar Foundation,2012,San Juan,Gunnison,Gunnison County Partners,20000,Gunnison,General Operating,Civic and Community,,,,,
El Pomar Foundation,2012,San Juan,Gunnison,Rocky Mountain Biological Laboratory at Gothic,2500,Crested Butte,General Operating,Health,,,,,
El Pomar Foundation,2012,San Juan,Gunnison,Western State College Foundation,2500,Gunnison,Program,Education,,,,,
El Pomar Foundation,2012,San Juan,Hinsdale,Hinsdale County,5000,Lake City,Program,Human Services ,,,,,
El Pomar Foundation,2012,San Juan,Montrose,Black Canon Boys and Girls Club,10000,Montrose,General Operating,Civic and Community,,,,,
El Pomar Foundation,2012,San Juan,Montrose,RSVP Colorado West,5000,Montrose,General Operating,Civic and Community,,,,,
El Pomar Foundation,2012,San Juan,Montrose,Montrose Regional Library District,5000,Montrose,Program,Education ,,,,,
El Pomar Foundation,2012,San Juan,Montrose,Midwestern Colorado Mental Health Center,10000,Montrose,Capital,Health,,,,,
El Pomar Foundation,2012,San Juan,Montrose,7th Judicial District Child Advocacy Center,10000,Montrose,General Operating,Human Services ,,,,,
El Pomar Foundation,2012,San Juan,Montrose,Habitat for Humanity of Montrose County,10000,Montrose,Program ,Human Services ,,,,,
El Pomar Foundation,2012,San Juan,Montrose,Haven House of Montrose,5000,Montrose,General Operating,Human Services ,,,,,
El Pomar Foundation,2012,San Juan,Montrose,"Sharing Ministries, Inc.",5000,Montrose,General Operating,Civic and Community,,,,,
El Pomar Foundation,2012,San Juan,Montrose,West End Family Link Center,2500,Nucla,General Operating,Civic and Community,,,,,
El Pomar Foundation,2012,San Juan,Montrose,Dream Catcher Therapy Center,2500,Olathe,Program ,Animal Protection and Welfare,,,,,
El Pomar Foundation,2012,San Juan,Montrose,"Association of Montrose Churches, Inc.",4500,Aspen,General Operating,Human Services ,,,,,
El Pomar Foundation,2012,San Juan,Montrose,Delta County Joint School District 50J,1500,Delta,Program,Human Services ,,,,,
El Pomar Foundation,2012,San Juan,Montrose,"Delta Food Pantry, Inc.",1500,Delta,Program,Human Services ,,,,,
El Pomar Foundation,2012,San Juan,Montrose,Delta-Montrose Electric Association Charitable Trust,7500,Delta,Program,Human Services ,,,,,
El Pomar Foundation,2012,San Juan,Montrose,"Montrose County Senior Citizens Transportation, Inc.",2500,Montrose,Program,Human Services ,,,,,
El Pomar Foundation,2012,San Juan,Montrose,"Montrose Medical Mission, Inc.",5000,Montrose,Program,Health,,,,,
El Pomar Foundation,2012,San Juan,Montrose,Montrose Rotary Club Youth Foundation,5000,Montrose,Program,Human Services ,,,,,
El Pomar Foundation,2012,San Juan,Montrose,West End Family Link Center,3000,Nucla,General Operating,Human Services ,,,,,
El Pomar Foundation,2012,San Juan,Montrose,Black Canyon Boys and Girls Club,15000,Montrose,Program,Youth Development,,,,,
El Pomar Foundation,2012,San Juan,Montrose,"Sharing Ministries, Inc.",2500,Montrose,Program,Human Services ,,,,,
El Pomar Foundation,2012,San Juan,Montrose,Telluride Foundation,2500,Montrose,General Operating,Civic and Community,,,,,
El Pomar Foundation,2012,San Juan,Ouray,Ouray County Schools Community Resources Consortium,7000,Ridgway,General Operating,Civic and Community,,,,,
El Pomar Foundation,2012,San Juan,Ouray,"Ouray County Neighbor to Neighbor, Inc.",5000,Ouray,Program,Human Services ,,,,,
El Pomar Foundation,2012,San Juan,Ouray,Ouray County Public Health,2500,Ouray,Program,Health,,,,,
El Pomar Foundation,2012,San Juan,San Miguel,Sheridan Arts Foundation,5000,Telluride,General Operating,Arts & Humanities,,,,,
El Pomar Foundation,2012,San Juan,San Miguel,"Angel Baskets, Inc.",3500,Telluride,Program,Human Services ,,,,,
El Pomar Foundation,2012,San Juan,San Miguel,Telluride Foundation,5000,Telluride,Program,Human Services ,,,,,
El Pomar Foundation,2012,San Juan,San Miguel,Uncompahgre Combined Clinics,2000,Norwood,Program,Health,,,,,
El Pomar Foundation,2012,San Juan,San Miguel,Bright Futures,35000,Telluride,Program,Civic and Community,,,,,
El Pomar Foundation,2012,San Juan,San Miguel,San Miguel Mentoring Program,2500,Telluride,General Operating,Civic and Community,,,,,
El Pomar Foundation,2012,San Juan,San Miguel,San Miguel Mentoring Program,10000,Telluride,Program,Civic and Community,,,,,
Gates Family Foundation,2012,San Juan,Gunnison,Gunnison Country Partners,50000,Gunnison,Capital,Children and Youth Services,,,,,
Gates Family Foundation,2012,San Juan,Hinsdale,Lake City Public Library,35000,Lake City,Capital,"Arts, Culture & Humanities ",,,,,
Gates Family Foundation,2012,San Juan,Hinsdale,Wee Care of Lake City,25000,Lake City,Capital,Education,,,,,
Gates Family Foundation,2012,San Juan,Montrose,Paradox Valley School,70000,Paradox,Capital,Education,,,,,
Gates Family Foundation,2012,San Juan,Montrose,Paradox Valley School,25000,Paradox,Capital,Education,,,,,
Helen K. and Arthur E. Johnson Foundation,2012,San Juan,Gunnison,Gunnison Country Partners,25000,Gunnison,Program,Community and Civic,,,,,
Helen K. and Arthur E. Johnson Foundation,2012,San Juan,Gunnison,Gunnison Country Partners,25000,Gunnison,Program,Community and Civic,,,,,
Helen K. and Arthur E. Johnson Foundation,2012,San Juan,Montrose,"Montrose County Senior Citizens Transportation, Inc.",22500,Montrose,Program,Community and Civic,,,,,
Helen K. and Arthur E. Johnson Foundation,2012,San Juan,Montrose,"Delta-Montrose Youth Services, Inc.",18000,Montrose,Program,Youth Development,,,,,
Helen K. and Arthur E. Johnson Foundation,2012,San Juan,Montrose,"Black Canyon Boys & Girls Club, Inc.",15000,Montrose,Program,Youth Development,,,,,
Temple Hoyne Buell Foundation,2012,San Juan,Gunnison,Tenderfoot Child & Family Development Center,28000,Gunnison,General Operating,Children and Youth Services,,,,,
Temple Hoyne Buell Foundation,2012,San Juan,Gunnison,Stepping Stones Children's Center,20000,Crested Butte,Student Aid/Scholarship,Education,,,,,
Temple Hoyne Buell Foundation,2012,San Juan,Gunnison,Paradise Place,15000,Crested Butte,Student Aid/Scholarship,Education,,,,,
Temple Hoyne Buell Foundation,2012,San Juan,Gunnison,Community Foundation of the Gunnison Valley,10000,Gunnison,General Operating,"Community, Public Affairs",,,,,
Temple Hoyne Buell Foundation,2012,San Juan,Gunnison,Gunnison Hinsdale Early Childhood Council,10000,Gunnison,General Operating,Children and Youth Services,,,,,
Temple Hoyne Buell Foundation,2012,San Juan,Gunnison,Western State College Foundation,10000,Gunnison,Program,Education,,,,,
Temple Hoyne Buell Foundation,2012,San Juan,Gunnison,Gunnison County Department of Health and Human Services,8000,Gunnison,Program,Health                                                                     ,,,,,
Temple Hoyne Buell Foundation,2012,San Juan,Gunnison,Gunnison County Library District,5000,Gunnison,Program,Education,,,,,
Temple Hoyne Buell Foundation,2012,San Juan,Gunnison,"Six Points Evaluation and Training, Inc.",5000,Gunnison,Capital,,,,,,
Temple Hoyne Buell Foundation,2012,San Juan,Montrose,Paradox Valley School,8000,Paradox,General Operating,Education,,,,,
Temple Hoyne Buell Foundation,2012,San Juan,Montrose,Paradox Valley School,30180,Paradox,Capital,Education,,,,,
Temple Hoyne Buell Foundation,2012,San Juan,Montrose,"Black Canyon Boys & Girls Club, Inc.",25000,Montrose,Program,Children and Youth Services,,,,,
Temple Hoyne Buell Foundation,2012,San Juan,Montrose,West End School District,20000,Nucla,Capital,Children and Youth Services,,,,,
Temple Hoyne Buell Foundation,2012,San Juan,Montrose,Passage Charter School,18000,Montrose,Not Provided,Education,,,,,
Temple Hoyne Buell Foundation,2012,San Juan,Montrose,Montrose County Health and Human Services,15000,Montrose,Program,Children and Youth Services,,,,,
Temple Hoyne Buell Foundation,2012,San Juan,Montrose,Hospice and Palliative Care of Western Colorado,5000,Montrose,Program,Hospice,,,,,
Temple Hoyne Buell Foundation,2012,San Juan,Montrose,Delta Montrose Youth Services,5000,Montrose,General Operating,Children and Youth Services,,,,,
Temple Hoyne Buell Foundation,2012,San Juan,Ouray,Ouray County Schools Community Resource Consortium,5000,Ridgway,Program,Education,,,,,
Temple Hoyne Buell Foundation,2012,San Juan,San Miguel,Wright Stuff Community Foundation,25000,Norwood,Not Provided,Education,,,,,
Temple Hoyne Buell Foundation,2012,San Juan,San Miguel,Bright Futures,23500,Telluride,Capital,Children and Youth Services,,,,,
Temple Hoyne Buell Foundation,2012,San Juan,San Miguel,Bright Futures,20000,Telluride,Program,Children and Youth Services,,,,,
Temple Hoyne Buell Foundation,2012,San Juan,San Miguel,Mountain Sprouts Preschool,7000,Telluride,Student Aid/Scholarship,Education,,,,,
The Colorado Health Foundation,2012,San Juan,Montrose,Midwestern Colorado Mental Health Center,284333,Montrose,Program,Health,,,,,
The Colorado Health Foundation,2012,San Juan,Montrose,"Olathe Community Clinic, Inc.",242267,Olathe,Program,Health,,,,,
The Colorado Health Foundation,2012,San Juan,Montrose,"RSVP Coloraodo West, Inc.",120000,Montrose,Program,Health,,,,,
The Colorado Health Foundation,2012,San Juan,Montrose,"Voans Pace, Inc.",170000,Montrose,Program,Health,,,,,
The Colorado Health Foundation,2012,San Juan,San Miguel,Norwood School District ,25000,Norwood,Program,Health,,,,,
The Colorado Health Foundation,2012,San Juan,San Miguel,Telluride Foundation,150000,Telluride,Program,Health,,,,,
The Colorado Health Foundation,2012,San Juan,San Miguel,Uncompahgre Combined Clinics,254000,Norwood,Program,Health,,,,,
The Colorado Health Foundation,2012,San Juan,San Miguel,Wright Stuff Community Foundation,10000,Norwood,Program,Health,,,,,
The Colorado Trust,2012,San Juan,Gunnison,Gunnison Legacy Fund,1000,Gunnison,Matching,,,,,,
The Colorado Trust,2012,San Juan,San Miguel,San Miguel Resource Center,9900,Telluride,Program,Access to Health,,,,,
Adolph Coors Foundation,2013,San Juan,Hinsdale,"Phillips County Family Education Services, Inc.",5000,Holyoke,Program,Youth,3/29/13
Adolph Coors Foundation,2013,San Juan,Montrose,"Delta Montrose Youth Services, Inc/Partners",15000,Montrose,General Operating,Youth,11/27/13
Anschutz Family Foundation,2013,San Juan,Gunnison,Gunnison Country Partners,5000,Gunnison,General Operating,Youth Development,4/30/13
Anschutz Family Foundation,2013,San Juan,Gunnison,Gunnison County Library District,5000,Gunnison,Program,Self Sufficiency,11/30/13
Anschutz Family Foundation,2013,San Juan,Gunnison,Gunnison/Hinsdale Confidential Advocacy Center,8000,Gunnison,General Operating,Crisis Intervention,11/30/13
Anschutz Family Foundation,2013,San Juan,Gunnison,"Habitat For Humanity of Gunnison Valley, Inc.",5000,Gunnison,Program,Low Income Housing,11/30/13
Anschutz Family Foundation,2013,San Juan,Gunnison,Mountain Roots Food Project,5000,Crested Butte,General Operating,Food/Shelter/Homeless,4/30/13
Anschutz Family Foundation,2013,San Juan,Gunnison,Paradise Place Christian Preschool,5000,Crested Butte,Program,Youth Development,11/30/13
Anschutz Family Foundation,2013,San Juan,Gunnison,"Six Points Evaluation & Training, Inc.",5000,Gunnison,General Operating,Disabled,11/30/13
Anschutz Family Foundation,2013,San Juan,Gunnison,Stepping Stones Children's Center,5000,Crested Butte,General Operating,Youth Development,4/30/13
Anschutz Family Foundation,2013,San Juan,Montrose,"CASA of the Seventh Judicial District, Inc.",5000,Montrose,General Operating,Crisis Intervention,4/30/13
Anschutz Family Foundation,2013,San Juan,Montrose,Haven House of Montrose,7500,Montrose,General Operating,Food/Shelter/Homeless,4/30/13
Anschutz Family Foundation,2013,San Juan,Montrose,Montrose Regional Library District,5000,Montrose,Program,Self Sufficiency,11/30/13
Anschutz Family Foundation,2013,San Juan,Montrose,Paradox Valley School,7500,Paradox,Program,Youth Development,4/30/13
Anschutz Family Foundation,2013,San Juan,Montrose,"Partners of Delta, Montrose and Ouray",7500,Montrose,General Operating,Youth Development,11/30/13
Anschutz Family Foundation,2013,San Juan,Montrose,Sharing Ministries Food Bank,7500,Montrose,General Operating,Food/Shelter/Homeless,11/30/13
Anschutz Family Foundation,2013,San Juan,Ouray,Second Chance Humane Society,8000,Ridgway,Program,Humane Animal Services,11/30/13
Anschutz Family Foundation,2013,San Juan,San Miguel,"Angel Baskets, Inc.",5000,Telluride,General Operating,Food/Shelter/Homeless,11/30/13
Anschutz Family Foundation,2013,San Juan,San Miguel,EcoAction Partners,7500,Telluride,General Operating,"Civic, Community, and Capacity Building",11/30/13
Anschutz Family Foundation,2013,San Juan,San Miguel,One to One,5000,Telluride,General Operating,Youth Development,4/30/13
Anschutz Family Foundation,2013,San Juan,San Miguel,"Telluride Historical Museum, Inc.",5000,Telluride,General Operating,Youth Development,4/30/13
Anschutz Family Foundation,2013,San Juan,San Miguel,The Wright Stuff Community Foundation,7500,Norwood,General Operating,Youth Development,11/30/13
AV Hunter Trust,2013,San Juan,Gunnison,Habitat for Humanity of Gunnison Valley,5000,Gunnison,General Operating,Indigent,8/29/13
AV Hunter Trust,2013,San Juan,Montrose,"All Points Transit, Inc.",15000,Montrose,Program,Seniors,11/18/13
AV Hunter Trust,2013,San Juan,Montrose,Black Canyon Boys & Girls Club,7500,Montrose,General Operating,Youth,11/18/13
AV Hunter Trust,2013,San Juan,San Miguel,One to One San Miguel Mentoring Program,5000,Telluride,General Operating,Youth,5/22/13
Boettcher Foundation,2013,San Juan,Gunnison,Six Points Evaluation and Training Inc.,30000,Gunnison,Capital,Social Service,11/14/13
Boettcher Foundation,2013,San Juan,Montrose,Paradox Valley School & Community Center,10000,Paradox,Capital,Community ,7/11/13
Boettcher Foundation,2013,San Juan,Montrose,"Magic Circle Players, Ltd",10000,Montrose,Capital,Arts & Culture,7/11/13
Boettcher Foundation,2013,San Juan,San Miguel,Telluride Film Festival,25000,Telluride,Capital,Arts & Culture,7/11/13
Boettcher Foundation,2013,San Juan,San Miguel,Sheridan Arts Foundation,10000,Telluride,Capital,Arts & Culture,7/11/13
Caring for Colorado Foundation,2013,San Juan,Montrose,Hospice and Palliative Care of Western Colorado ,30000,Grand Junction,Capital,,1/17/13
Caring for Colorado Foundation,2013,San Juan,Montrose,Montrose County School District RE-1J,19157,Montrose,Project/Program,,6/20/13
Caring for Colorado Foundation,2013,San Juan,Montrose,"Olathe Community Clinic, Inc.",30000,Olathe,,,10/1/12
Caring for Colorado Foundation,2013,San Juan,Montrose,"Olathe Community Clinic, Inc.",50000,Olathe,Project/Program,,1/17/13
Caring for Colorado Foundation,2013,San Juan,Montrose,"Olathe Community Clinic, Inc.",17500,Olathe,Technical Assistance,,9/10/13
Caring for Colorado Foundation,2013,San Juan,Montrose,"Senior CommUnity Care, Montrose (SCC)",66417,Montrose,Capital,,1/17/13
Caring for Colorado Foundation,2013,San Juan,San Miguel,Tri-County Health Network,30715,Telluride,Project/Program,,1/17/13
Daniels Fund,2013,San Juan, Gunnison ," Western State College Foundation, Incorporated dba Western State Colorado University Foundation ",30000, Gunnison , Program / Project , Boundless Opportunity Scholarship ,2/25/13
Daniels Fund,2013,San Juan,Montrose," Montrose County Senior Citizens Transportation, Incorporated, dba All Points Transit ",48000, Montrose , General Operating Support , Aging ,9/16/13
Daniels Fund,2013,San Juan,Montrose, RSVP Colorado West ,15000, Montrose , Program / Project , Aging ,7/15/13
El Pomar Foundation,2013,San Juan,Gunnison,Gunnison County,20000,Gunnison,Program,Health,12/17/13
El Pomar Foundation,2013,San Juan,Gunnison,Gunnison Watershed School District RE 1J,53000,Gunnison,Program,Education,12/17/13
El Pomar Foundation,2013,San Juan,Gunnison,Crested Butte Mountain Educational Radio,5000,Crested Butte,Capital,Arts and Culture,9/29/13
El Pomar Foundation,2013,San Juan,Gunnison,Gunnison Council for the Arts,3200,Gunnison,General Operating,Arts and Culture,9/29/13
El Pomar Foundation,2013,San Juan,Gunnison,Gunnison Watershed School District RE 1J,1800,Gunnison,Program,Education,9/29/13
El Pomar Foundation,2013,San Juan,Gunnison,"Six Points Evaluation and Training, Inc.",15000,Gunnison,Capital,Human Services,9/29/13
El Pomar Foundation,2013,San Juan,Gunnsion,City of Gunnison,10000,Gunnison,Capital,Civic and Community,8/20/13
El Pomar Foundation,2013,San Juan,Montrose,Nucla Public Library,2800,Nucla,Capital,Education,12/17/13
El Pomar Foundation,2013,San Juan,Montrose,"Black Canyon Boys & Girls Club, Inc.",5000,Montrose,General Operating,Human Services,9/29/13
El Pomar Foundation,2013,San Juan,Montrose,"Maslow Academy of Applied Learning, Inc.",5000,Montrose,Program,Education,9/29/13
El Pomar Foundation,2013,San Juan,Montrose,The 7th Judicial District Child Advocacy Center,2500,Montrose,General Operating,Human Services,9/29/13
El Pomar Foundation,2013,San Juan,Montrose,"Welcome Home Montrose, Inc.",2500,Montrose,General Operating,Human Services,9/29/13
El Pomar Foundation,2013,San Juan,Montrose,"CASA of the Seventh Judicial District, Inc.",5000,Montrose,General Operating,Human Services,8/20/13
El Pomar Foundation,2013,San Juan,Montrose,Hilltop Health Services Corporation,54598,Grand Junction,Program,Education,8/20/13
El Pomar Foundation,2013,San Juan,Montrose,Magic Circle Players,10000,Montrose,Capital,Arts and Culture,8/20/13
El Pomar Foundation,2013,San Juan,Ouray,Ouray County,20000,Ouray,Capital,Civic and Community,12/17/13
El Pomar Foundation,2013,San Juan,Ouray,Animal Humane Society of Ouray County,20000,Ridgway,Capital,Civic and Community,9/29/13
El Pomar Foundation,2013,San Juan,Ouray,Friends of the Ouray Public Library,2500,Ouray,General Operating,Education,9/29/13
El Pomar Foundation,2013,San Juan,Ouray,Friends of the Wright Opera House,25000,Ouray,Capital,Arts and Culture,9/29/13
El Pomar Foundation,2013,San Juan,Ouray,Ouray County Food Pantry,2500,Ouray,General Operating,Human Services,9/29/13
El Pomar Foundation,2013,San Juan,San Miguel,Bright Futures,87000,Telluride,Program,Education,12/17/13
El Pomar Foundation,2013,San Juan,San Miguel,San Miguel Mentoring Program,2000,Telluride,General Operating,Human Services,9/29/13
El Pomar Foundation,2013,San Juan,San Miguel,Wright Stuff Community Foundation,5000,Norwood,General Operating,Civic and Community,9/29/13
El Pomar Foundation,2013,San Juan,San Miguel,"University Centers of the San Miguel, Inc.",5000,Telluride,General Operating,Education,5/8/13
El Pomar Foundation,2013,San Juan,San Miguel,Telluride Foundation,12000,Telluride,Program,Civic and Community,2/27/13
Gates Family Foundation,2013,San Juan,Gunnison,Crested Butte Land Trust,75000,Crested Butte,Land Purchase,Parks-Conservation-Recreation,12/12/12
Gates Family Foundation,2013,San Juan,Gunnison,Rocky Mountain Biological Laboratory,100000,Crested Butte,Construction,Education,12/7/11
Gates Family Foundation,2013,San Juan,Montrose,Magic Circle Players,35000,Montrose,Renovation,Arts and Culture,9/6/13
Gates Family Foundation,2013,San Juan,San Miguel,Telluride Foundation,30000,Telluride,Operating,Community Development & Revitalization,12/12/12
Helen K. and Arthur E. Johnson Foundation,2013,San Juan,Gunnison,Gunnison Country Partners,25000,Gunnison,General Operating,"Mentoring, Companionship",12/5/13
Helen K. and Arthur E. Johnson Foundation,2013,San Juan,Montrose,Black Canyon Boys & Girls Club Inc,15000,Montrose,General Operating,Youth Development,6/20/13
Helen K. and Arthur E. Johnson Foundation,2013,San Juan,Montrose,Delta-montrose Youth Services Inc,20000,Montrose,General Operating,"Mentoring, Companionship",6/20/13
Helen K. and Arthur E. Johnson Foundation,2013,San Juan,Montrose,Montrose County Senior Citizens Transportation Inc,25000,Montrose,Program,Senior Care and Assistance,6/20/13
Temple Hoyne Buell Foundation,2013,San Juan,Gunnison,Center for Adult & Family Education,10000,Gunnison,Program,Early Childhood,
Temple Hoyne Buell Foundation,2013,San Juan,Gunnison,Gunnison County Department of Health & Human Services,8000,Gunnison,Program,Early Childhood,
Temple Hoyne Buell Foundation,2013,San Juan,Gunnison,Gunnison Hinsdale Early Childhood Council,10000,Gunnison,General Operating,Early Childhood,
Temple Hoyne Buell Foundation,2013,San Juan,Gunnison,Paradise Place,15000,Crested Butte,Program,Early Childhood,
Temple Hoyne Buell Foundation,2013,San Juan,Gunnison,Stepping Stones Children's Center,10000,Crested Butte,Program,Early Childhood,
Temple Hoyne Buell Foundation,2013,San Juan,Gunnison,Stepping Stones Children's Center,10000,Crested Butte,Program,Early Childhood,
Temple Hoyne Buell Foundation,2013,San Juan,Gunnison,Tenderfoot Child & Family Development Center,30000,Gunnison,General Operating,Early Childhood,
Temple Hoyne Buell Foundation,2013,San Juan,Montrose,Black Canyon Boys & Girls Club,18750,Montrose,Program,Early Childhood,
Temple Hoyne Buell Foundation,2013,San Juan,Montrose,Montrose County Health & Human Services,15000,Montrose,,Early Childhood,
Temple Hoyne Buell Foundation,2013,San Juan,Montrose,Montrose Regional Library District,10000,Montrose,Program,Early Childhood,
Temple Hoyne Buell Foundation,2013,San Juan,Montrose,Paradox Valley School,6000,Paradox,Program,Early Childhood,
Temple Hoyne Buell Foundation,2013,San Juan,Montrose,Passage Charter School,16000,Montrose,Capital,Early Childhood,
Temple Hoyne Buell Foundation,2013,San Juan,Montrose,Passage Charter School,18000,Montrose,Capital,Early Childhood,
Temple Hoyne Buell Foundation,2013,San Juan,Montrose,West End School District,7200,Nucla,Program,Early Childhood,
Temple Hoyne Buell Foundation,2013,San Juan,Ouray,Voyager Youth Program,3750,Ridgway,Program,Early Childhood,
Temple Hoyne Buell Foundation,2013,San Juan,San Miguel,Bright Futures,20000,Telluride,Program,Early Childhood,
Temple Hoyne Buell Foundation,2013,San Juan,San Miguel,Mountain Sprouts Preschool,6000,Telluride,Program,Early Childhood,
Temple Hoyne Buell Foundation,2013,San Juan,San Miguel,Telluride Early Childhood Center,14000,Telluride,General Operating,Early Childhood,
Temple Hoyne Buell Foundation,2013,San Juan,San Miguel,Wright Stuff Community Foundation,25000,Norwood,Capital,Early Childhood,
The Colorado Health Foundation,2013,San Juan,Montrose,"Midwestern Colorado Mental Health Center, Inc",34145,Montrose,Program,,7/12/11
The Colorado Health Foundation,2013,San Juan,Montrose,"Midwestern Colorado Mental Health Center, Inc",37500,Montrose,Program,,5/23/13
The Colorado Health Foundation,2013,San Juan,Montrose,Olathe Community Clinic,248185,Olathe,General Operating,,10/17/13
The Colorado Health Foundation,2013,San Juan,Montrose,Town of Nucla,100000,Nucla,Capital,,10/17/13
The Colorado Health Foundation,2013,San Juan,San Miguel,Tri-County Health Network,150000,Telluride,Project Support,,2/21/13
The Colorado Health Foundation,2013,San Juan,San Miguel,Tri-County Health Network,247125,Telluride,Capacity Building,,6/6/13
The Colorado Trust,2013,San Juan,Gunnison,Gunnison/Hinsdale Confidential Advocacy Center,5000,Gunnison,General Operating,Western Slope RPD,8/22/13
The Colorado Trust,2013,San Juan,Montrose,"Haven House Of Montrose, Inc.",5000,Olathe,General Operating,Western Slope RPD,8/20/13
The Colorado Trust,2013,San Juan,Montrose,Hispanic Affairs Project,1000,Montrose,Program,Health Equity Learning Series,5/22/13
The Colorado Trust,2013,San Juan,Montrose,Midwestern Colorado Mental Health Center,5000,Montrose,General Operating,Western Slope RPD,8/22/13
Boettcher Foundation,2014,San Juan,Gunnison,City of Gunnison,20000,Gunnison,Capital,Community ,7/1/14
El Pomar Foundation,2014,San Juan,San Miguel ,Bright Futures,30000,Telluride,Program,Education,6/11/14
El Pomar Foundation,2014,San Juan,San Miguel ,Bright Futures,30000,Telluride,Program,Education,12/15/14
El Pomar Foundation,2014,San Juan,San Miguel ,San Miguel Mentoring Program,5000,Telluride,General Operating,Human Services,3/28/14
El Pomar Foundation,2014,San Juan,San Miguel ,Telluride Academy,5000,Telluride,Program,Education,7/24/14
El Pomar Foundation,2014,San Juan,San Miguel ,Telluride Community Television,5000,Telluride,Program,Arts and Culture,9/28/14
El Pomar Foundation,2014,San Juan,San Miguel ,"Telluride Historical Museum, Inc.",1500,Telluride,General Operating,Arts and Culture,5/7/14
Adolph Coors Foundation,2014,San Juan,San Miguel,One to One San Miguel Mentoring ,10000,Telluride,General Operating,,7/31/14
Anschutz Family Foundation,2014,San Juan,San Miguel,Telluride Academy,10000,Telluride,Program,Early Childhood,4/30/14
Anschutz Family Foundation,2014,San Juan,San Miguel,"The Pinhead Institute, Inc.",7500,Telluride,Program,Youth Development,11/30/14
Anschutz Family Foundation,2014,San Juan,San Miguel,"University Centers of the San Miguel, Inc.",10000,Telluride,General Operating,Self Sufficiency,4/30/14
AV Hunter Trust,2014,San Juan,San Miguel,One to One San Miguel Mentoring Program,5000,Telluride,General Operating,Youth,6/2/14
AV Hunter Trust,2014,San Juan,San Miguel,"Angel Baskets, Inc.",5000,Telluride,General Operating,Indigent,8/20/14
AV Hunter Trust,2014,San Juan,San Miguel,"Angel Baskets, Inc.",2500,Telluride,General Operating,Indigent,12/4/14
Boettcher Foundation,2014,San Juan,San Miguel,Ah Haa School for the Arts,1500,Telluride,Program,Arts & Culture,9/1/14
Boettcher Foundation,2014,San Juan,San Miguel,Mountain Film,1500,Telluride,Program,Arts & Culture,9/1/14
Boettcher Foundation,2014,San Juan,San Miguel,Sheridan Arts Foundation,3000,Telluride,Program,Arts & Culture,9/1/14
Boettcher Foundation,2014,San Juan,San Miguel,Telluride Arts,3000,Telluride,Program,Arts & Culture,9/1/14
Boettcher Foundation,2014,San Juan,San Miguel,Telluride Foundation,3000,Telluride,Program,Community,9/1/14
Caring for Colorado Foundation,2014,San Juan,San Miguel,Tri-County Health Network,31091,Telluride,Program,Health,6/25/14
Daniels Fund,2014,San Juan,San Miguel,Angel Baskets,18000,Telluride,General Operating,Homeless and Disadvantaged,
Daniels Fund,2014,San Juan,San Miguel,Telluride Foundation,50000,Telluride,Program,Early Childhood Education,
Temple Hoyne Buell Foundation,2014,San Juan,San Miguel,Mountain Sprouts Preschool,6000,Telluride,Program,Early Childhood,4/23/14
Temple Hoyne Buell Foundation,2014,San Juan,San Miguel,Telluride Early Childhood Center,15000,Telluride,General Operating,Early Childhood,8/11/14
Temple Hoyne Buell Foundation,2014,San Juan,San Miguel,Bright Futures,25000,Telluride,Program,Early Childhood,12/11/14
The Colorado Health Foundation,2014,San Juan,San Miguel,Tri-County Health Network,429255,Telluride,Program,Health,5/29/14
The Colorado Health Foundation,2014,San Juan,San Miguel,Uncompahgre Medical Center,274248,Norwood,Technical Assistance,Health,11/7/14
The Colorado Health Foundation,2014,San Juan,San Miguel,The Wright Stuff Community Foundation,25300,Norwood,Program,Health,10/2/14
The Colorado Trust,2014,San Juan,San Miguel,Telluride Foundation,40000,Telluride,General Operating,Health,3/26/14
The Colorado Trust,2014,San Juan,San Miguel,Tri-County Health Network,180000,Telluride,General Operating,Health,11/6/14
El Pomar Foundation,2014,San Juan,Ouray ,Friends of the Wright Opera House,4000,Ouray,Capital,Arts and Culture,7/24/14
El Pomar Foundation,2014,San Juan,Ouray ,"Ridgway Chautauqua Society, Inc.",1000,Ridgway,Program,Arts and Culture,7/24/14
Anschutz Family Foundation,2014,San Juan,Ouray,Ouray County Food Pantry,5000,Ridgway,General Operating,Food/Shelter/Homeless,11/30/14
Boettcher Foundation,2014,San Juan,Ouray,Ridgway Creative District,3000,Ridgway,Program,Arts & Culture,9/1/14
Boettcher Foundation,2014,San Juan,Ouray,Sherbino Community Theater Association,3000,Ridgway,Program,Arts & Culture,9/1/14
El Pomar Foundation,2014,San Juan,Montrose ,"Delta - Montrose Youth Services, Inc.",5500,Montrose,General Operating,Human Services,9/28/14
El Pomar Foundation,2014,San Juan,Montrose ,Dream Catcher Therapy Center,10000,Olathe,Program,Civic and Community,9/28/14
El Pomar Foundation,2014,San Juan,Montrose ,Hilltop Health Services Corporation,40000,Grand Junction,Program,Human Services,12/15/14
El Pomar Foundation,2014,San Juan,Montrose ,Libraries of Montrose County Foundation,2500,Montrose,Program,Education,7/24/14
El Pomar Foundation,2014,San Juan,Montrose ,"Maslow Academy of Applied Learning, Inc.",2500,Montrose,Program,Health,9/28/14
El Pomar Foundation,2014,San Juan,Montrose ,Montrose County School District RE-1J,5000,Montrose,Capital,Education,12/15/14
El Pomar Foundation,2014,San Juan,Montrose ,"Montrose County Senior Citizens Transportation, Inc.",10000,Montrose,Program,Human Services,9/28/14
El Pomar Foundation,2014,San Juan,Montrose ,Montrose Recreation District,25000,Montrose,Capital,Civic and Community,12/15/14
El Pomar Foundation,2014,San Juan,Montrose ,Montrose Regional Library District,3500,Montrose,Program,Education,9/28/14
El Pomar Foundation,2014,San Juan,Montrose ,"Olathe Community Clinic, Inc.",20000,Olathe,Capital,Health,7/24/14
El Pomar Foundation,2014,San Juan,Montrose ,Passage Charter School,5000,Montrose,Program,Human Services,3/28/14
El Pomar Foundation,2014,San Juan,Montrose ,"Rimrocker Historical Society of Western Montrose County, Inc.",2500,Nucla,General Operating,Arts and Culture,9/28/14
El Pomar Foundation,2014,San Juan,Montrose ,The 7th Judicial District Child Advocacy Center,5000,Montrose,General Operating,Human Services,9/28/14
Adolph Coors Foundation,2014,San Juan,Montrose,Black Canyon Boys & Girls Club,15000,Montrose,General Operating,,3/31/14
Anschutz Family Foundation,2014,San Juan,Montrose,"All Points Transit, Inc.",10000,Montrose,Program,Senior Programs,4/30/14
Anschutz Family Foundation,2014,San Juan,Montrose,"Black Canyon Boys and Girls Club, Inc.",10000,Montrose,General Operating,Youth Development,4/30/14
Anschutz Family Foundation,2014,San Juan,Montrose,Passage Charter School,10000,Montrose,Program,Early Childhood,4/30/14
Anschutz Family Foundation,2014,San Juan,Montrose,Sharing Ministries Food Bank,7500,Montrose,General Operating,Food/Shelter/Homeless,11/30/14
AV Hunter Trust,2014,San Juan,Montrose,CASA of the 7th Judicial District,5000,Montrose,General Operating,Youth,8/20/14
AV Hunter Trust,2014,San Juan,Montrose,Black Canyon Boys & Girls Club,7500,Montrose,General Operating,Youth,11/24/14
AV Hunter Trust,2014,San Juan,Montrose,"All Points Transit, Inc.",15000,Montrose,Program Support,Senior,11/24/14
Boettcher Foundation,2014,San Juan,Montrose,Telluride Foundation,25000,Montrose,Program,Community,11/1/14
Caring for Colorado Foundation,2014,San Juan,Montrose,Montrose County School District RE-1J,25118,Montrose,Program,Health,6/25/14
Caring for Colorado Foundation,2014,San Juan,Montrose,"Montrose County Senior Citizens Transportation, Inc.",35000,Montrose,Program,Health,1/29/14
Caring for Colorado Foundation,2014,San Juan,Montrose,"Olathe Community Clinic, Inc.",100000,Olathe,Capital,Health,1/29/14
Daniels Fund,2014,San Juan,Montrose,"Golden Circle Seniors, Incorporated",9900,Montrose,Program,Aging,
Daniels Fund,2014,San Juan,Montrose,"Haven House of Montrose, Incorporated",15000,Montrose,General Operating,Homeless and Disadvantaged,
Daniels Fund,2014,San Juan,Montrose,Montrose County School District No. RE-1J,20000,Montrose,Program,Early Childhood Education,
Daniels Fund,2014,San Juan,Montrose,Montrose Recreation District,500000,Montrose,Capital,Aging,
Helen K. and Arthur E. Johnson Foundation,2014,San Juan,Montrose,Black Canyon Boys and Girls Club,15000,Montrose,General Support,Youth,6/23/14
Helen K. and Arthur E. Johnson Foundation,2014,San Juan,Montrose,"Montrose County Senior Citizens Transportation, Inc",12500,Montrose,Program Support,Senior Citizens,6/23/14
Helen K. and Arthur E. Johnson Foundation,2014,San Juan,Montrose,"Partners of Delta, Montrose & Ouray",20000,Montrose,General Support,Youth,6/23/14
Temple Hoyne Buell Foundation,2014,San Juan,Montrose,Paradox Valley School,10000,Paradox,General Operating,Early Childhood,4/23/14
Temple Hoyne Buell Foundation,2014,San Juan,Montrose,Montrose Regional Library District,10000,Montrose,Program,Early Childhood,8/11/14
Temple Hoyne Buell Foundation,2014,San Juan,Montrose,CASA of the Seventh Judicial District,6000,Montrose,Program,Early Childhood,8/11/14
Temple Hoyne Buell Foundation,2014,San Juan,Montrose,Montrose County School District Re-1J,30000,Montrose,Capital,Early Childhood,8/11/14
Temple Hoyne Buell Foundation,2014,San Juan,Montrose,Maslow Academy of Applied Learning,55000,Montrose,Program,Early Childhood,12/11/14
Temple Hoyne Buell Foundation,2014,San Juan,Montrose,Passage Charter School,18000,Montrose,Program,Early Childhood,12/11/14
Temple Hoyne Buell Foundation,2014,San Juan,Montrose,Montrose County Health & Human Services,15000,Montrose,Program,Early Childhood,12/11/14
The Colorado Health Foundation,2014,San Juan,Montrose,Olathe Community Clinic,350000,Olathe,Capital,Health,2/27/14
The Colorado Health Foundation,2014,San Juan,Montrose,Basin Medical Clinic,173622,Naturita,Program,Health,2/13/14
The Colorado Health Foundation,2014,San Juan,Montrose,Olathe Community Clinic,173452,Olathe,Program,Health,2/14/14
The Colorado Health Foundation,2014,San Juan,Montrose,The Valley Food Partnership,161904,Montrose,Program,Health,6/24/14
The Colorado Trust,2014,San Juan,Montrose,Valley Food Partnership,40000,Montrose,General Operating,Health,3/26/14
El Pomar Foundation,2014,San Juan,Gunnison ,Community Foundation of the Gunnison Valley,2500,Gunnison,Program,Education,9/28/14
El Pomar Foundation,2014,San Juan,Gunnison ,Gunnison Council for the Arts,5000,Gunnison,General Operating,Arts and Culture,9/28/14
El Pomar Foundation,2014,San Juan,Gunnison ,Gunnison Country Partners,5000,Gunnison,General Operating,Human Services,9/28/14
El Pomar Foundation,2014,San Juan,Gunnison ,"Gunnison Valley Animal Welfare League, Inc.",5000,Gunnison,Program,Civic and Community,9/28/14
El Pomar Foundation,2014,San Juan,Gunnison ,"Seasons Schoolhouse, Inc.",2500,Gunnison,Program,Human Services,9/28/14
Adolph Coors Foundation,2014,San Juan,Gunnison,"Six Points Evaluation and Training, Inc.",20000,Gunnison,Capital,,11/28/14
Anschutz Family Foundation,2014,San Juan,Gunnison,Gunnison Valley Mentors,7500,Gunnison,General Operating,Youth Development,11/30/14
Anschutz Family Foundation,2014,San Juan,Gunnison,"Habitat for Humanity of Gunnison Valley, Inc.",5000,Gunnison,General Operating,Low Income Housing,11/30/14
Anschutz Family Foundation,2014,San Juan,Gunnison,Mountain Roots Food Project,7500,Gunnison,General Operating,Food/Shelter/Homeless,11/30/14
Anschutz Family Foundation,2014,San Juan,Gunnison,Project Hope of Gunnison Valley,8000,Gunnison,General Operating,Crisis Intervention,11/30/14
AV Hunter Trust,2014,San Juan,Gunnison,"Six Points Evaluation & Training, Inc.",7500,Gunnison,General Operating,Disabled,11/24/14
AV Hunter Trust,2014,San Juan,Gunnison,"Six Points Evaluation & Training, Inc.",2500,Gunnison,General Operating,Disabled,12/4/14
Caring for Colorado Foundation,2014,San Juan,Gunnison,Gunnison County Department of Health and Human Services,50000,Gunnison,Program,Health,1/29/14
Daniels Fund,2014,San Juan,Gunnison,City of Gunnison,38100,Gunnison,Capital,Aging,
Helen K. and Arthur E. Johnson Foundation,2014,San Juan,Gunnison,Gunnison Country Partners,25000,Gunnison,General Support,Youth,12/2/14
Temple Hoyne Buell Foundation,2014,San Juan,Gunnison,Tenderfoot Child & Family Development Center,31000,Gunnison,General Operating,Early Childhood,4/23/14
Temple Hoyne Buell Foundation,2014,San Juan,Gunnison,Gunnison County Department of Health & Human Services,8000,Gunnison,Program,Early Childhood,8/11/14
Temple Hoyne Buell Foundation,2014,San Juan,Gunnison,Gunnison Hinsdale Early Childhood Council,10000,Gunnison,General Operating,Early Childhood,10/9/14
Temple Hoyne Buell Foundation,2014,San Juan,Gunnison,Stepping Stones Children's Center,22000,Crested Butte,Program,Early Childhood,8/11/14
Temple Hoyne Buell Foundation,2014,San Juan,Gunnison,Paradise Place,15000,Crested Butte,Program,Early Childhood,8/11/14
Temple Hoyne Buell Foundation,2014,San Juan,Gunnison,Center for Adult & Family Education,10000,Gunnison,Program,Early Childhood,12/11/14
